,Wavelength,Flux
0,1000,0.217842613208535
1,1001,-0.2796418673724684
2,1002,0.3102935021098322
3,1003,-0.17134078187045493
4,1004,0.28472166297091756
5,1005,-0.13662946198128795
6,1006,0.3223603921535414
7,1007,0.25676374942127494
8,1008,0.2266217309111507
9,1009,0.0008629120560386255
10,1010,-0.13414069460899933
11,1011,-0.1298756542161863
12,1012,0.3798406646458614
13,1013,0.21180830641208664
14,1014,-0.19959657661370628
15,1015,-0.22647357738749227
16,1016,-0.3644699017188282
17,1017,-0.26582154676059316
18,1018,-0.1465850319890153
19,1019,-0.18396157241366526
20,1020,0.1256109519704135
21,1021,-0.3029295272305681
22,1022,-0.2546010738523288
23,1023,0.1538355132358471
24,1024,-0.2680627681831698
25,1025,-0.1357583449809571
26,1026,0.4552586362058756
27,1027,-0.08814676035924901
28,1028,-0.1507118308660439
29,1029,-0.0806381289481008
30,1030,0.04004847246850318
31,1031,0.08231206087723278
32,1032,0.16640608161717443
33,1033,0.12136937559385862
34,1034,0.19441070358090146
35,1035,-0.09439283974098897
36,1036,-0.07127031993148097
37,1037,0.30535560634794445
38,1038,0.11030740656324442
39,1039,0.0690641305572019
40,1040,0.10949933409068749
41,1041,0.10519107482133605
42,1042,-0.299415312917669
43,1043,-0.013287799760884803
44,1044,0.3389629169879127
45,1045,-0.2200011775419376
46,1046,0.08126426125410402
47,1047,-0.07601333078842934
48,1048,0.30233954356093784
49,1049,0.07690653093640602
50,1050,0.05131024151976124
51,1051,0.2749052359455954
52,1052,0.14376943526787014
53,1053,0.14868325396752685
54,1054,0.008634632078785183
55,1055,0.39211767812315035
56,1056,0.3432458752060554
57,1057,0.00935566730544267
58,1058,0.14243101294820734
59,1059,-0.1761153095518245
60,1060,0.013148001471454618
61,1061,0.4276848801505039
62,1062,0.3818497757399413
63,1063,0.004380267866487653
64,1064,0.2475654264671349
65,1065,0.04033051029381887
66,1066,-0.022338862722300623
67,1067,0.1273361834268361
68,1068,-0.10523408956994552
69,1069,0.20489319513113682
70,1070,0.25777217044748807
71,1071,0.02963621480378252
72,1072,0.1886813338573366
73,1073,-0.16033151964076792
74,1074,0.06404989560294375
75,1075,0.2354179078332189
76,1076,-0.050180285308212974
77,1077,-0.1175198245124423
78,1078,-0.11137110206563615
79,1079,-0.10661000444410998
80,1080,-0.06127191766636009
81,1081,-0.009414154119833137
82,1082,-0.13733609447878842
83,1083,-0.13484531059032556
84,1084,0.08740969848020275
85,1085,0.13275930372397088
86,1086,0.015677307651748656
87,1087,-0.02021543838225089
88,1088,0.04772879174868545
89,1089,0.24610230348344578
90,1090,-0.2878435847473275
91,1091,0.07015202341123179
92,1092,-0.04190437259840773
93,1093,0.025373979626980597
94,1094,-0.11061518376867602
95,1095,-0.02745888629614973
96,1096,-0.025640443738845886
97,1097,-0.16550935180702425
98,1098,0.38891532969339954
99,1099,0.16154840525539776
100,1100,0.14794772878011028
101,1101,0.07428478269154434
102,1102,0.3748550122815125
103,1103,-0.061122927196931354
104,1104,0.18492271833445018
105,1105,0.033662683422985645
106,1106,-0.03313864499061908
107,1107,0.1361400968476017
108,1108,-0.07239435943544442
109,1109,0.17683182414602433
110,1110,0.38247277626780185
111,1111,0.006931936996909527
112,1112,-0.2534092539355492
113,1113,0.00815654903318666
114,1114,0.17135683945414448
115,1115,0.6550630380967195
116,1116,0.031834343344541355
117,1117,0.19925789096363694
118,1118,-0.328378786469399
119,1119,-0.0003726823539529911
120,1120,-0.10677101845871959
121,1121,-0.3005872143493976
122,1122,0.19068727785005948
123,1123,0.632749984148841
124,1124,0.19306141573522348
125,1125,0.09300722814177709
126,1126,-0.03554207186536583
127,1127,-0.05097314035637264
128,1128,-0.06400409704912455
129,1129,0.25972171582183434
130,1130,0.5367384287270822
131,1131,0.21011301501952168
132,1132,0.18438148676277383
133,1133,0.07475148789243233
134,1134,-0.07630576738973788
135,1135,0.20632145726276807
136,1136,0.7727158527574918
137,1137,-0.13385182667689743
138,1138,-0.06579117244776177
139,1139,-0.07823299082690434
140,1140,-0.19794578921685213
141,1141,0.004102551676138766
142,1142,-0.09372855544367431
143,1143,0.1553998126357911
144,1144,-0.04057668752487262
145,1145,0.23642388628326227
146,1146,0.6947391448086058
147,1147,0.287097884832181
148,1148,0.4606954080329893
149,1149,0.18023129104002092
150,1150,-0.15076509281197173
151,1151,0.07157174322583114
152,1152,-0.12134758275242793
153,1153,0.2212061532071058
154,1154,0.01558435115293294
155,1155,-0.02301443042925788
156,1156,-0.2933347403596776
157,1157,0.16068366995712247
158,1158,-0.10815151222819189
159,1159,-0.1894663196602414
160,1160,0.16698695873269495
161,1161,0.28565697341617907
162,1162,-0.28197683253354666
163,1163,0.38962738596246926
164,1164,0.4074520637677043
165,1165,0.25652729329006474
166,1166,0.31072624616400335
167,1167,0.14922269934883015
168,1168,0.24972803481071004
169,1169,0.30818423888593577
170,1170,0.20074968115781963
171,1171,0.06164047810745546
172,1172,0.08295235801410517
173,1173,0.10759041048704361
174,1174,0.19310370454855677
175,1175,0.3184601850737834
176,1176,0.48159021224215504
177,1177,0.8853688182570748
178,1178,0.12158035671272924
179,1179,0.07255557178914607
180,1180,0.37285435201534917
181,1181,0.24530877891063887
182,1182,0.19367501609650828
183,1183,0.20665031212249407
184,1184,0.49686068975171366
185,1185,0.3209309452642273
186,1186,0.4552671429908049
187,1187,0.1212953390508629
188,1188,0.1876264511101266
189,1189,0.453786406288092
190,1190,0.5842411692837133
191,1191,0.34462128728068697
192,1192,0.18753476499722055
193,1193,0.16597058795182068
194,1194,0.354476425563952
195,1195,0.3622840435660003
196,1196,0.10906061038073586
197,1197,0.2858138160346424
198,1198,0.5396604847764954
199,1199,0.07001081711975285
200,1200,0.5630492756478191
201,1201,0.3056725799643991
202,1202,0.23093918314780623
203,1203,0.17129923184791365
204,1204,0.5165491696587428
205,1205,0.31207314305288547
206,1206,0.013755442452671157
207,1207,0.44989393402079036
208,1208,0.46628855132753394
209,1209,0.28603056452292
210,1210,0.3893363597845565
211,1211,0.25358527915293594
212,1212,0.6354339334356784
213,1213,0.4901553803535947
214,1214,0.11674923585910243
215,1215,0.24014700354031882
216,1216,0.31369841672043425
217,1217,0.924660255320713
218,1218,0.451188306702439
219,1219,0.38066304110305477
220,1220,0.5932409170451676
221,1221,0.3966090467634539
222,1222,0.38592006416132935
223,1223,-0.028702458895056973
224,1224,0.805229939546267
225,1225,0.3253237898600416
226,1226,0.47067804055387286
227,1227,0.683880774059689
228,1228,0.9036795425891566
229,1229,0.623184135754256
230,1230,0.8305167313058968
231,1231,0.35724142210386167
232,1232,0.5342471842121895
233,1233,0.17840456322130532
234,1234,0.43053056460085515
235,1235,0.6168686435493624
236,1236,0.7196344927169607
237,1237,0.6032414733304559
238,1238,0.7428266262701283
239,1239,0.43695977543954717
240,1240,0.4144736159555802
241,1241,0.2915193231557114
242,1242,0.8029093517900906
243,1243,0.2597441071112475
244,1244,0.7884680051605174
245,1245,0.3965089637889878
246,1246,0.33871228157059885
247,1247,0.1457810096021136
248,1248,0.38715613338727806
249,1249,0.215220936275354
250,1250,0.8946560897036417
251,1251,0.4492936206200988
252,1252,0.28407801519178677
253,1253,0.6107971945816555
254,1254,0.8717310426492136
255,1255,0.7022856997204721
256,1256,0.9285622121418649
257,1257,0.5869436210849117
258,1258,0.61881332558188
259,1259,0.8088235245170291
260,1260,0.8570021530403922
261,1261,0.6462638213102561
262,1262,1.0605983515881188
263,1263,0.4148743476185258
264,1264,0.5126324813001721
265,1265,0.7601265932754275
266,1266,0.6449410942403477
267,1267,0.7073574290369501
268,1268,0.9649026840624334
269,1269,0.6054346496315398
270,1270,0.8136099212237806
271,1271,0.9111497703513775
272,1272,0.8870970187672675
273,1273,0.5012567742632117
274,1274,0.6285314403892038
275,1275,0.9055143935013594
276,1276,0.9151648158913721
277,1277,0.713573188507326
278,1278,1.2181512257883709
279,1279,1.1245974271439376
280,1280,0.9482497020602194
281,1281,0.7249141733602072
282,1282,1.1166199339665472
283,1283,1.0571274634125534
284,1284,0.7255163985333807
285,1285,0.6761589467367826
286,1286,0.4272756562681573
287,1287,0.9542313739316448
288,1288,0.8185142491207285
289,1289,0.8211703433113164
290,1290,1.120377710741628
291,1291,0.8846521422405466
292,1292,1.0496630800457665
293,1293,0.9216219342660417
294,1294,0.8624679006055832
295,1295,0.7091510843675621
296,1296,1.2104029288809401
297,1297,1.070779079268441
298,1298,1.1637508203897986
299,1299,1.4488648319303687
300,1300,0.9484737666678618
301,1301,0.9894704810454538
302,1302,1.5821697119351446
303,1303,0.7573652214173485
304,1304,0.6303274591756759
305,1305,0.9387713565138232
306,1306,1.380947515377886
307,1307,0.908689056633973
308,1308,1.4004302017923822
309,1309,1.5106679854337943
310,1310,0.9722394436255495
311,1311,1.248275900218671
312,1312,0.9342007960912901
313,1313,1.605334773878619
314,1314,1.140079975446625
315,1315,0.8938709630314837
316,1316,0.9215289536060225
317,1317,1.3024777761255804
318,1318,1.2516237177418248
319,1319,1.3237419068001042
320,1320,1.2275153964968104
321,1321,1.62603029685043
322,1322,1.4815612949916752
323,1323,1.4954611662574646
324,1324,1.3647169559934733
325,1325,1.4104895910984112
326,1326,1.3751186741566208
327,1327,1.3300653827273885
328,1328,0.8346125546512565
329,1329,1.0209754392290176
330,1330,1.080838037729591
331,1331,1.6227120129601962
332,1332,1.1883571578133196
333,1333,1.6911478308796188
334,1334,1.3787360078029347
335,1335,1.3667415924056525
336,1336,1.5902141643309398
337,1337,1.0281093118694518
338,1338,1.251661760600922
339,1339,1.7795904095296775
340,1340,1.7944159347863067
341,1341,1.2320294094328117
342,1342,1.152990554474728
343,1343,1.3809222524343137
344,1344,1.6396411614997999
345,1345,1.9294519588512584
346,1346,2.341810281760856
347,1347,1.611210870629152
348,1348,1.6223832482439455
349,1349,1.5574746893495772
350,1350,2.024770008607784
351,1351,1.4087459187280458
352,1352,1.8382222356109787
353,1353,1.663287893470506
354,1354,1.8010220191749555
355,1355,1.7907757194570666
356,1356,1.715907849823835
357,1357,1.8790887891364456
358,1358,2.062475213491413
359,1359,1.9282827081862048
360,1360,2.012282577637106
361,1361,2.567578229772707
362,1362,1.3691753233003787
363,1363,1.7379359331633724
364,1364,2.1794455783481794
365,1365,1.365306504910576
366,1366,1.9281707160491448
367,1367,2.140053563114093
368,1368,1.679461645139506
369,1369,1.9983303380575033
370,1370,2.0257930051024786
371,1371,1.9514365618788503
372,1372,2.331317038964808
373,1373,1.8506083722700324
374,1374,2.0708856885483145
375,1375,2.193871659049531
376,1376,1.7322741483532482
377,1377,2.2357085765586513
378,1378,2.2205311118101867
379,1379,2.2614216492252335
380,1380,1.7185987352607903
381,1381,2.141910739653204
382,1382,2.4673329164675044
383,1383,2.3496385705311886
384,1384,2.2432997822651926
385,1385,2.162936790004677
386,1386,2.297951558430457
387,1387,2.171935733687342
388,1388,2.1204479724344436
389,1389,2.07515133370057
390,1390,2.5290374308023496
391,1391,2.6040675387613703
392,1392,2.0743722610522974
393,1393,2.2426438547027114
394,1394,2.471529575243173
395,1395,2.34562592141314
396,1396,2.150343186891558
397,1397,2.635405338191196
398,1398,2.124135599364854
399,1399,2.419576605119241
400,1400,2.4557664473742373
401,1401,2.3954220611768955
402,1402,2.1164300936142615
403,1403,2.7960526703818793
404,1404,2.50433524273623
405,1405,2.1835035594332597
406,1406,2.2111185623419742
407,1407,2.1969700113751998
408,1408,2.7059307938100328
409,1409,2.839131644692827
410,1410,2.670003616184445
411,1411,2.5143116115321855
412,1412,2.359208760096009
413,1413,2.9649246405932463
414,1414,2.448246816901135
415,1415,2.7367934695889367
416,1416,3.2100900542928477
417,1417,2.5810873291170435
418,1418,2.61473053143604
419,1419,2.7472701168894895
420,1420,2.342780500362155
421,1421,2.881733029156773
422,1422,3.2203694609807547
423,1423,2.645402540844677
424,1424,3.395344339120707
425,1425,3.029566833113525
426,1426,2.7310069111280044
427,1427,2.868138393657839
428,1428,3.4561846862529464
429,1429,2.9507252415280076
430,1430,2.9889450199378897
431,1431,2.759632722869145
432,1432,3.186816695973756
433,1433,3.30199710510227
434,1434,2.8364679753510265
435,1435,3.104906751606249
436,1436,2.8495340580749016
437,1437,2.9838734609106066
438,1438,2.9701895416550728
439,1439,2.794764683435459
440,1440,3.325569186616344
441,1441,3.0486819452285667
442,1442,3.532961625987183
443,1443,3.5087179952687695
444,1444,3.282143040749658
445,1445,3.0031499019178445
446,1446,2.9505612092810916
447,1447,3.6289880110136514
448,1448,2.9219665441668266
449,1449,3.363599183565082
450,1450,3.653987780793611
451,1451,3.791979447344938
452,1452,3.084334432813179
453,1453,3.2242646759209137
454,1454,3.358808566912441
455,1455,3.6413842486696986
456,1456,3.4571212429489333
457,1457,3.457277979239162
458,1458,3.8308330372275154
459,1459,3.3405311706478096
460,1460,3.9541193333077493
461,1461,3.420358602522526
462,1462,3.746865131793778
463,1463,3.418846349752069
464,1464,3.856641697460051
465,1465,3.447930723912265
466,1466,3.5808155531575085
467,1467,3.5410435619140705
468,1468,3.721119007719777
469,1469,3.5360443568244944
470,1470,4.21350380971061
471,1471,3.5885903032686803
472,1472,3.81224783375306
473,1473,3.8324260869961204
474,1474,4.026951657358938
475,1475,3.8817816961646665
476,1476,3.6890406231198454
477,1477,3.9808474507031857
478,1478,3.7646216866291353
479,1479,4.004609943155111
480,1480,3.86768154288241
481,1481,4.253996660249986
482,1482,4.4170686713532135
483,1483,3.9755638269700366
484,1484,4.038252651189949
485,1485,4.005516234060156
486,1486,4.3240791066376865
487,1487,4.489074071573985
488,1488,4.277417959702534
489,1489,4.199506979671111
490,1490,4.655094798313996
491,1491,3.9860650816547634
492,1492,4.070308323951006
493,1493,4.171727642033776
494,1494,3.8897451281166253
495,1495,4.073153017841172
496,1496,4.104067479203139
497,1497,4.236328095539478
498,1498,4.025810151951387
499,1499,3.8697785664292934
500,1500,4.2210685177330785
501,1501,4.322112067828249
502,1502,4.073468670879684
503,1503,4.578946730230554
504,1504,4.217338254221805
505,1505,4.153788575193309
506,1506,3.968102007438424
507,1507,4.499760649277577
508,1508,4.538744430915414
509,1509,4.837438785209652
510,1510,4.763162476557903
511,1511,4.9024806692632374
512,1512,4.730043925482514
513,1513,4.742661547135921
514,1514,4.747509749045907
515,1515,4.378617836587475
516,1516,5.029582351579446
517,1517,4.71406489517721
518,1518,4.647878700357618
519,1519,5.1184215810716385
520,1520,4.748211370253497
521,1521,4.612307699121477
522,1522,4.076048780208153
523,1523,4.914291393574008
524,1524,5.092980419288634
525,1525,4.576040263666785
526,1526,5.057305188074131
527,1527,4.58742750250087
528,1528,5.005807804604841
529,1529,5.182645462766004
530,1530,4.673475783615773
531,1531,5.141578198196352
532,1532,4.884355551589671
533,1533,5.003784098708853
534,1534,5.069781925054648
535,1535,4.624906788793488
536,1536,4.783496428664474
537,1537,5.10550847803339
538,1538,5.4523350383064715
539,1539,4.827317968999031
540,1540,5.489951240188888
541,1541,5.087918343970669
542,1542,4.817355629137687
543,1543,5.474030202340571
544,1544,5.428002776655234
545,1545,5.1614577612426835
546,1546,4.90642620648176
547,1547,5.381782002894626
548,1548,5.173143680113331
549,1549,5.087696540737009
550,1550,5.097694017831717
551,1551,5.375100381111018
552,1552,5.300237716525136
553,1553,5.115325384100203
554,1554,5.444750092979211
555,1555,5.8619547990883145
556,1556,5.940879497037598
557,1557,5.462154136360868
558,1558,5.556648445069077
559,1559,5.915631436405496
560,1560,5.831276334002517
561,1561,5.835152518186521
562,1562,5.622979769587507
563,1563,5.553366302625896
564,1564,5.807067020464638
565,1565,5.788877843442816
566,1566,6.122060657386597
567,1567,5.709964013151396
568,1568,5.8681371532402204
569,1569,6.085539209701547
570,1570,5.494450660358608
571,1571,5.963151960943687
572,1572,5.859627199689725
573,1573,6.390399014995968
574,1574,5.998944295820674
575,1575,6.412296730153892
576,1576,6.451283726312714
577,1577,6.186803666780686
578,1578,6.193124804390093
579,1579,6.18380817990667
580,1580,6.494550214364985
581,1581,6.480571662850116
582,1582,6.215182766022844
583,1583,6.193224551087696
584,1584,6.507539451981408
585,1585,6.623528911489177
586,1586,6.555439313115822
587,1587,6.178785389019281
588,1588,6.6723184041188155
589,1589,6.87529196298244
590,1590,6.968181661680348
591,1591,6.8230276337475155
592,1592,6.934271094127838
593,1593,6.9333370352101085
594,1594,6.86123470047065
595,1595,7.058581452880623
596,1596,7.008605838188344
597,1597,6.850065434298625
598,1598,7.201797450155221
599,1599,7.067925573580205
600,1600,6.947732670969823
601,1601,6.909438256489821
602,1602,6.857568154402811
603,1603,7.313819604114535
604,1604,7.05391778220852
605,1605,7.2397950472853125
606,1606,7.2941616473572415
607,1607,7.1632438688215645
608,1608,7.313810820198403
609,1609,7.213751612903737
610,1610,7.97519718397424
611,1611,7.772853227230669
612,1612,7.340104087904705
613,1613,7.900758647507196
614,1614,7.375512645781084
615,1615,7.853629411064616
616,1616,7.826977779393131
617,1617,8.142021002567866
618,1618,7.78389433664649
619,1619,8.194108893769299
620,1620,7.930712634345514
621,1621,7.930648158228006
622,1622,7.863877725411362
623,1623,7.888550334282167
624,1624,7.948155321469767
625,1625,7.896674853462583
626,1626,7.837361631319873
627,1627,7.628439573050338
628,1628,8.098482512013689
629,1629,7.711400104759295
630,1630,7.917443111291772
631,1631,8.18511988750703
632,1632,7.75365050140677
633,1633,8.112555877743835
634,1634,7.949829612845025
635,1635,8.191949496789665
636,1636,8.228214759604016
637,1637,7.917593443527478
638,1638,7.652761656542625
639,1639,8.29601844324166
640,1640,8.306500812607004
641,1641,8.23812862518966
642,1642,8.369223960015066
643,1643,7.735325700578866
644,1644,8.01141481344436
645,1645,7.717711920365135
646,1646,7.854267654184226
647,1647,7.914736263618986
648,1648,8.270415421640587
649,1649,8.020394713295433
650,1650,7.9923934214780745
651,1651,7.874474264761317
652,1652,8.288398893817758
653,1653,7.971838741198293
654,1654,7.952059020571714
655,1655,7.713962297695827
656,1656,8.086197460571015
657,1657,7.824541370739533
658,1658,7.884118008843915
659,1659,7.593728883553053
660,1660,7.709080463711545
661,1661,7.59967607671252
662,1662,7.395467944259079
663,1663,7.355687077002019
664,1664,7.279958866476272
665,1665,7.7080365967720565
666,1666,7.308939363145933
667,1667,7.443314484011384
668,1668,7.325789520661438
669,1669,7.3985750803037975
670,1670,6.883680938764569
671,1671,7.426324350770114
672,1672,7.358012358872015
673,1673,6.9857377526835345
674,1674,7.1025043120367854
675,1675,7.234518688606558
676,1676,7.026172798183777
677,1677,6.893552071191309
678,1678,6.5628111669180305
679,1679,6.935047609744151
680,1680,6.46326085265139
681,1681,6.638423002709494
682,1682,6.464445879317939
683,1683,6.245943309348815
684,1684,6.746131538691306
685,1685,6.779583497723659
686,1686,6.600027915005901
687,1687,5.988611719860256
688,1688,5.717393860488082
689,1689,6.4201994332769745
690,1690,6.005489291416164
691,1691,5.556547250022324
692,1692,5.571973891969768
693,1693,5.232636521218881
694,1694,5.568338729975646
695,1695,5.417682401742173
696,1696,5.695067639096348
697,1697,5.028874809202565
698,1698,5.455123688301196
699,1699,5.705812251500715
700,1700,5.161146665223455
701,1701,5.010877798924628
702,1702,4.8751168556864855
703,1703,4.737154470726708
704,1704,4.767836517577632
705,1705,5.029965344204814
706,1706,4.306748598747745
707,1707,4.592813288460512
708,1708,4.59192889646127
709,1709,4.5182454911416405
710,1710,4.372725017157586
711,1711,4.165611969263613
712,1712,3.747792640817461
713,1713,4.828024206795321
714,1714,4.663989188989402
715,1715,3.9130876750698294
716,1716,4.087005082174875
717,1717,3.5892546177340563
718,1718,4.277301364299129
719,1719,3.966693764796412
720,1720,3.7698943353295444
721,1721,3.7865785577939493
722,1722,3.6709823017482814
723,1723,3.5880483009665087
724,1724,3.796548091437787
725,1725,3.5025057178908163
726,1726,3.322304744061518
727,1727,3.463616774649344
728,1728,3.1167184406269066
729,1729,2.9098311343083516
730,1730,3.2742117507130306
731,1731,3.5253655945053084
732,1732,3.2008833207676264
733,1733,3.327754393218252
734,1734,3.1956055603934233
735,1735,3.336288093740837
736,1736,3.0843770339922303
737,1737,3.00032975901164
738,1738,2.7509731218749005
739,1739,2.5534228623155624
740,1740,2.7694911601474863
741,1741,2.6715371818691303
742,1742,2.7742360088808597
743,1743,2.452677319654279
744,1744,2.805891032029448
745,1745,2.676819733228435
746,1746,2.515844651044014
747,1747,2.5280970698696175
748,1748,2.392120158567772
749,1749,2.245078482692687
750,1750,2.573912138841707
751,1751,2.374377426444707
752,1752,2.5501625116519286
753,1753,2.412829937982549
754,1754,2.1057590154569534
755,1755,1.8981273752482903
756,1756,2.6729467690371984
757,1757,2.3214950616373127
758,1758,2.3506823984521468
759,1759,1.6721712942735225
760,1760,2.0184742807718585
761,1761,2.0900680246167456
762,1762,2.3515909444536365
763,1763,2.0048775985846894
764,1764,1.9038277733387554
765,1765,2.124478882257913
766,1766,1.74152347754721
767,1767,2.213394803254477
768,1768,1.9018133607715206
769,1769,1.771353178383174
770,1770,1.8954811514944787
771,1771,1.5973579840134133
772,1772,1.703945063421008
773,1773,2.064839877004918
774,1774,1.4885166960240932
775,1775,2.014011350698888
776,1776,2.0967744863417024
777,1777,1.6791560702377755
778,1778,1.6753025085459454
779,1779,1.6565824335432466
780,1780,1.8741696144271038
781,1781,1.9979621701904522
782,1782,1.7341657289267252
783,1783,1.8588972059193287
784,1784,2.281898300700159
785,1785,1.491914347307229
786,1786,1.9452051760477171
787,1787,1.7000110153934531
788,1788,1.6848468387383364
789,1789,1.5652370579002008
790,1790,1.4279505799186665
791,1791,1.664781816427246
792,1792,1.5833419281339836
793,1793,1.8744317333386533
794,1794,1.979143320924192
795,1795,1.5510261854984877
796,1796,1.586393667275199
797,1797,1.9657464040501988
798,1798,1.8920546164186713
799,1799,1.5390823559980111
800,1800,1.7192325806963928
801,1801,1.7033536451582765
802,1802,1.3551439154461504
803,1803,1.5056646615306974
804,1804,1.7011860286939189
805,1805,1.0619680371705726
806,1806,1.662883819895172
807,1807,1.7224691110250785
808,1808,1.3678441194125552
809,1809,1.5563131323432715
810,1810,1.6612006729293647
811,1811,1.497864163534541
812,1812,1.0642643755477477
813,1813,1.4990112809266156
814,1814,1.7055316191349223
815,1815,1.5486420756663453
816,1816,1.532445492560964
817,1817,1.3241081730518978
818,1818,1.2382884810914876
819,1819,1.4603731736515262
820,1820,1.452970946569091
821,1821,1.6278316713219319
822,1822,1.21491995644781
823,1823,1.3800660910501303
824,1824,1.5403751629967926
825,1825,1.5803957742167976
826,1826,1.4812140780363592
827,1827,1.197864629813828
828,1828,1.0340074168435636
829,1829,1.3284186343096045
830,1830,1.2418211245186632
831,1831,1.4129979091662719
832,1832,1.6320824755342136
833,1833,1.3386563022512894
834,1834,1.5737370292287562
835,1835,1.5357528264131086
836,1836,1.308016132281194
837,1837,1.4348105041217991
838,1838,1.4762564159662006
839,1839,1.197061759453466
840,1840,0.9935370898461048
841,1841,1.0712090777937953
842,1842,1.7615993014778746
843,1843,1.2668137292305977
844,1844,0.9414216297405367
845,1845,0.9115656794245403
846,1846,1.289910997000805
847,1847,0.8270139856388056
848,1848,1.246248690388774
849,1849,1.1489074750958175
850,1850,1.5627431684885045
851,1851,1.4698110066639347
852,1852,0.974136421179542
853,1853,1.1138151757910246
854,1854,1.2518051052248784
855,1855,1.3272461310414219
856,1856,0.6477321918226512
857,1857,1.0637835576769687
858,1858,0.819874286088791
859,1859,1.2706620419504648
860,1860,0.9355827743601166
861,1861,1.5257562170459333
862,1862,1.127690876840872
863,1863,0.8266370775300799
864,1864,1.10124336076953
865,1865,1.126934202003853
866,1866,0.5761508033365622
867,1867,1.2929024515986214
868,1868,1.0309655911843003
869,1869,1.3557489226400021
870,1870,1.0902807482469532
871,1871,1.095558198133385
872,1872,1.0298610356194244
873,1873,1.035447348586487
874,1874,0.7710758639652506
875,1875,1.4039054772783166
876,1876,1.006026591062524
877,1877,0.9214164264049101
878,1878,0.6505936371260572
879,1879,1.309586706311877
880,1880,1.1578781690109965
881,1881,1.1051514878574744
882,1882,0.7851498337699385
883,1883,1.0912014508602168
884,1884,0.9568460201478298
885,1885,1.2682710207507935
886,1886,1.38416688119371
887,1887,1.476330722446166
888,1888,1.1082960141715141
889,1889,1.3975879116055483
890,1890,1.2607414441143607
891,1891,1.0748480134573586
892,1892,1.0065890919435185
893,1893,0.6281095894063705
894,1894,1.0176182997596048
895,1895,0.796572251083468
896,1896,1.0303094869464784
897,1897,1.2531062570262477
898,1898,0.6864369738789362
899,1899,0.8891738947279999
900,1900,0.8303737251459962
901,1901,0.9067115703157159
902,1902,0.7582847344023531
903,1903,1.1748099455522576
904,1904,1.2323749884789807
905,1905,0.9245906132084136
906,1906,0.7832654680994067
907,1907,1.0064790233444423
908,1908,0.7769389315150401
909,1909,0.9141809995985668
910,1910,1.2070147311919657
911,1911,0.7843107325331943
912,1912,0.9785806942207405
913,1913,0.6218964752473641
914,1914,1.2210835221623524
915,1915,0.9218214034878308
916,1916,0.9208142216038016
917,1917,0.18701894027973828
918,1918,1.0747429492144551
919,1919,0.7637383601017216
920,1920,0.7695883182201083
921,1921,1.3518572351674794
922,1922,0.8505905707551764
923,1923,0.9167353322221572
924,1924,0.9726731275334339
925,1925,1.0693841676407265
926,1926,0.8097491824974526
927,1927,0.7121522896792185
928,1928,1.0478661059675585
929,1929,0.6484012103668602
930,1930,1.096901104014297
931,1931,0.9803548534676134
932,1932,0.5100644889631558
933,1933,0.759820731175477
934,1934,0.8235701551590089
935,1935,0.5090048125449195
936,1936,0.9707552525992033
937,1937,0.8535936864579474
938,1938,0.7328855572286621
939,1939,0.9765466797319889
940,1940,0.5335132924442603
941,1941,0.9102528721968607
942,1942,1.0161682300757158
943,1943,1.0577508775239104
944,1944,0.6286295840079552
945,1945,0.8815779512531072
946,1946,0.8084081163828083
947,1947,0.47597863021629394
948,1948,0.4468501556336284
949,1949,0.654629725133305
950,1950,0.5125328408356796
951,1951,0.4914557346756527
952,1952,0.6898396662721457
953,1953,0.461463766874588
954,1954,0.3452734948717303
955,1955,0.3575768433795449
956,1956,0.9676948396504876
957,1957,0.42238278818289104
958,1958,0.9723818835540416
959,1959,0.7498338320363138
960,1960,0.41014076813820066
961,1961,0.6893959346595143
962,1962,0.39760723461077885
963,1963,0.6620137636480867
964,1964,0.19903450332981903
965,1965,0.7911311059307224
966,1966,0.6192024710853912
967,1967,0.09915397461682096
968,1968,0.6104563171254673
969,1969,0.630234730868235
970,1970,0.5826405961631629
971,1971,0.5261514550958639
972,1972,0.3030584773845859
973,1973,0.49803775162329145
974,1974,0.5969222906086536
975,1975,0.34919898969990987
976,1976,0.31962798774283896
977,1977,0.6348863451244432
978,1978,0.7141609566770488
979,1979,0.7345890510413047
980,1980,0.5641453853245599
981,1981,0.08584406894890965
982,1982,0.9452770301815063
983,1983,0.6742214152882633
984,1984,0.6545633932518474
985,1985,0.5265416931308434
986,1986,0.5271787263138111
987,1987,0.3790979357984946
988,1988,0.3951833168701297
989,1989,0.3828485672033045
990,1990,0.7593083712228766
991,1991,-0.054040852849864957
992,1992,0.15386515777723192
993,1993,0.4919715941216709
994,1994,0.6707983231526664
995,1995,0.3354675918637429
996,1996,0.4682159862119764
997,1997,0.4371877081812754
998,1998,0.7973641634085242
999,1999,-0.04720575212642816
1000,2000,0.2151327996098049
1001,2001,0.6050831734079896
1002,2002,0.2234636300004601
1003,2003,0.6201376801293985
1004,2004,0.3714825721087629
1005,2005,0.5992597877153352
1006,2006,0.6406501995964595
1007,2007,0.630741715523601
1008,2008,0.5008711550942087
1009,2009,0.7340013256481327
1010,2010,0.40711766092161467
1011,2011,0.3362911396450283
1012,2012,0.27904110907519875
1013,2013,0.6912677107909581
1014,2014,0.25126638174418753
1015,2015,0.6903520190918997
1016,2016,0.4832687617667447
1017,2017,0.07745655394917259
1018,2018,0.5859473813732807
1019,2019,0.23941354117633348
1020,2020,0.6715306027288007
1021,2021,0.4030765841929945
1022,2022,0.939601551319527
1023,2023,0.39196642728339554
1024,2024,0.47459530511770726
1025,2025,0.047268645909638335
1026,2026,0.43636010538396985
1027,2027,0.4977484428681343
1028,2028,-0.0673260354032712
1029,2029,0.2824390195527934
1030,2030,0.06768665297718164
1031,2031,0.5232979654511352
1032,2032,0.2638099373382379
1033,2033,0.49158441186170004
1034,2034,0.04990763487352165
1035,2035,0.3021243062064759
1036,2036,0.23415961796159948
1037,2037,0.2138253297680821
1038,2038,0.2434258172690095
1039,2039,0.592055625762645
1040,2040,0.14834066397010554
1041,2041,0.1021922679527448
1042,2042,0.240522013050714
1043,2043,0.2575473058575164
1044,2044,0.02566061085560392
1045,2045,0.3645843646642078
1046,2046,0.3418804039031873
1047,2047,0.3635498053370248
1048,2048,0.37575834925581963
1049,2049,0.37325412922175405
1050,2050,0.3391919862817256
1051,2051,0.3000738857028268
1052,2052,0.06820826891465946
1053,2053,0.5079283114484789
1054,2054,0.04292719680074397
1055,2055,0.23461533247908384
1056,2056,0.15829348977465119
1057,2057,0.17460073188453246
1058,2058,0.5657710115656687
1059,2059,0.29976773509012894
1060,2060,-0.15843792907934892
1061,2061,0.1773945310620852
1062,2062,0.3242817369568933
1063,2063,0.34193354382487207
1064,2064,0.095671428515851
1065,2065,0.16364837268706378
1066,2066,0.007729242951195314
1067,2067,0.4137954448464866
1068,2068,-0.1023109896534472
1069,2069,0.29683112122145905
1070,2070,0.4403886431035677
1071,2071,0.20017756851352606
1072,2072,-0.419208706782623
1073,2073,0.09445533573840018
1074,2074,0.15214820683667887
1075,2075,0.08501206375194628
1076,2076,0.444257927733992
1077,2077,0.038588159586495946
1078,2078,0.26343731244762447
1079,2079,0.3046728390335937
1080,2080,0.3124181998200686
1081,2081,-0.045728473741552894
1082,2082,0.06762047005262573
1083,2083,0.041848560881108
1084,2084,0.3081705252660806
1085,2085,0.22938597055915277
1086,2086,0.329538422709552
1087,2087,0.04185098025893952
1088,2088,-0.2913653476031264
1089,2089,0.3273218482823717
1090,2090,0.16315555673160378
1091,2091,-0.0507792792887492
1092,2092,0.1022243439550653
1093,2093,-0.06263264073777663
1094,2094,-0.12059708103192715
1095,2095,-0.2731329499235828
1096,2096,0.5579915841160465
1097,2097,0.25375667433862725
1098,2098,0.01986116648677555
1099,2099,0.28509091765300176
1100,2100,0.20624438322639294
1101,2101,0.1655751225291594
1102,2102,0.20528860888548126
1103,2103,0.09999287389064324
1104,2104,0.04977329178928323
1105,2105,0.3085528815053929
1106,2106,0.16279647668412423
1107,2107,-0.04021894459379091
1108,2108,0.2928564084738864
1109,2109,0.14818086524133084
1110,2110,0.5137368419843666
1111,2111,-0.2478535741076498
1112,2112,0.07234162054890676
1113,2113,0.19384807542922178
1114,2114,0.20530132520104816
1115,2115,0.01825609827082894
1116,2116,-0.003631533045784119
1117,2117,0.0015008658492732807
1118,2118,-0.09281171585130912
1119,2119,-0.3092035291622515
1120,2120,0.5755043947625003
1121,2121,0.41529516680857664
1122,2122,0.20881423476551808
1123,2123,0.11400082003895298
1124,2124,0.616599787011036
1125,2125,0.062185922126080706
1126,2126,0.15660120317239667
1127,2127,0.18179405598165296
1128,2128,-0.638106225512332
1129,2129,0.4703951453077837
1130,2130,0.12697866755441226
1131,2131,-0.403804505384573
1132,2132,0.12837619791226645
1133,2133,0.0007204826379836604
1134,2134,-0.007950243317303304
1135,2135,-0.07395585174097083
1136,2136,0.17597085441746574
1137,2137,-0.29998734779750047
1138,2138,0.6579916566678372
1139,2139,-0.06906997987478518
1140,2140,-0.1545737426700684
1141,2141,0.055470762984035304
1142,2142,0.21643802030160836
1143,2143,-0.15009866386075693
1144,2144,-0.09773437681838942
1145,2145,0.4883739992661043
1146,2146,-0.3800458247212763
1147,2147,0.04830347710964021
1148,2148,0.18768519187794486
1149,2149,-0.05601491987314572
1150,2150,-0.26617110683182077
1151,2151,0.026197364485067015
1152,2152,-0.23485707082019636
1153,2153,0.16828255214773385
1154,2154,-0.22511922566664555
1155,2155,0.2740695013495376
1156,2156,-0.24404043186252478
1157,2157,-0.08639431464458558
1158,2158,-0.25791452612821897
1159,2159,0.18233549091997467
1160,2160,0.18914276921165032
1161,2161,-0.34486605203631193
1162,2162,-0.04033828715360002
1163,2163,0.036810832600281035
1164,2164,0.17000018500529476
1165,2165,-0.07636371647212897
1166,2166,0.20662074096876623
1167,2167,-0.23333003483472858
1168,2168,0.0020748204343314924
1169,2169,0.0834451637216449
1170,2170,-0.1464230397395072
1171,2171,0.10734689853133372
1172,2172,0.06856467365365401
1173,2173,-0.1362441585707552
1174,2174,-0.22148663043590067
1175,2175,-0.2099420815648483
1176,2176,0.24599839472351315
1177,2177,0.3149574247307324
1178,2178,0.16699664595358535
1179,2179,0.0814472483344883
1180,2180,-0.13593121560122798
1181,2181,0.26038820686324277
1182,2182,-0.033509759929387754
1183,2183,0.1885158490847606
1184,2184,0.055134446122123815
1185,2185,0.552422931529714
1186,2186,-0.08432197020183266
1187,2187,0.13867895220968254
1188,2188,0.006310508471787296
1189,2189,-0.24498326553248145
1190,2190,0.20176441324949174
1191,2191,-0.005794178247375513
1192,2192,0.27497421279215006
1193,2193,0.30775433077550784
1194,2194,-0.2979014765573992
1195,2195,0.08138774493475234
1196,2196,-0.21940536921218834
1197,2197,-0.12345661262834551
1198,2198,0.35068345267903783
1199,2199,0.0795213475493598
1200,2200,-0.16755608842291062
1201,2201,-0.12458317129515613
1202,2202,-0.10877886403891551
1203,2203,0.46165017091873756
1204,2204,0.11517849741293065
1205,2205,-0.003110405652693743
1206,2206,0.2162708788335145
1207,2207,0.08414143030203383
1208,2208,-0.5026453916241838
1209,2209,0.24849620754911173
1210,2210,0.04268385852264002
1211,2211,0.49660400453099823
1212,2212,0.3791727344468847
1213,2213,0.2454057955768108
1214,2214,0.2431035051786563
1215,2215,0.09282191414427064
1216,2216,-0.00822084705929441
1217,2217,0.19914858889093429
1218,2218,0.3078495104623069
1219,2219,0.325066099938386
1220,2220,-0.2526864265503871
1221,2221,0.20998567660213344
1222,2222,-0.06581690336591045
1223,2223,-0.24938631918364568
1224,2224,-0.05801398730613408
1225,2225,-0.009733350926462436
1226,2226,-0.17603635996710404
1227,2227,-0.23442708663056383
1228,2228,0.040393336356493004
1229,2229,-0.1983992056575788
1230,2230,-0.4833376921665305
1231,2231,-0.010763607852482038
1232,2232,-0.063929245890055
1233,2233,0.11060976662306939
1234,2234,0.24718069668683534
1235,2235,0.02142716968524863
1236,2236,0.1617947073191942
1237,2237,-0.07155493464377169
1238,2238,-0.06354384149622017
1239,2239,-0.04367514736976173
1240,2240,-0.5454756551553339
1241,2241,-0.23534033581014258
1242,2242,0.2613609493456548
1243,2243,0.19087729917284324
1244,2244,-0.3056727292406589
1245,2245,0.009751813411996033
1246,2246,-0.07073936803079335
1247,2247,0.2367900901766191
1248,2248,0.01891235130775234
1249,2249,-0.10255730777660867
1250,2250,0.36182090595666194
1251,2251,0.11085949561435246
1252,2252,0.1954521477304297
1253,2253,-0.02956957677181834
1254,2254,0.26172162044051506
1255,2255,0.05967130178223441
1256,2256,-0.3054569216476031
1257,2257,-0.29033313770269
1258,2258,-0.0651978677715345
1259,2259,-0.026265031653331036
1260,2260,-0.02326047648982038
1261,2261,0.1876707069428556
1262,2262,0.5150822397917822
1263,2263,0.15540609097408156
1264,2264,0.10117073362916472
1265,2265,-0.123412642759267
1266,2266,0.03114808270069684
1267,2267,0.02752533290768132
1268,2268,-0.31164984075191693
1269,2269,-0.17850691913201885
1270,2270,0.03206342034708644
1271,2271,-0.15558738889771845
1272,2272,-0.058486412910435465
1273,2273,-0.04578100677997374
1274,2274,-0.03428226366428255
1275,2275,0.22458780384871133
1276,2276,0.1306832941046133
1277,2277,0.23697226809956537
1278,2278,-0.4861977688569276
1279,2279,-0.028005983266614867
1280,2280,0.04741564926418443
1281,2281,-0.3332674456519028
1282,2282,0.3731505688699255
1283,2283,-0.33485348072174076
1284,2284,0.1998686185943566
1285,2285,-0.022358078389691678
1286,2286,0.40368626305995214
1287,2287,0.3352013729945553
1288,2288,-0.028688034795518347
1289,2289,-0.02497445850376929
1290,2290,0.17207672764008516
1291,2291,-0.2693764846006872
1292,2292,-0.11694975785014422
1293,2293,-0.18184542791226993
1294,2294,0.23562297722962855
1295,2295,-0.2917729319311145
1296,2296,-0.014104585009234727
1297,2297,-0.052401802842879305
1298,2298,-0.012628546120116553
1299,2299,0.09450057887862293
1300,2300,-0.3533702971866274
1301,2301,-0.3526094596317386
1302,2302,0.4285650575235152
1303,2303,0.35834842621376195
1304,2304,0.034946689246776866
1305,2305,0.03420875756850093
1306,2306,0.3295165469731747
1307,2307,-0.4884965228260539
1308,2308,0.037283090228551946
1309,2309,-0.12197148463509105
1310,2310,-0.05389559774304482
1311,2311,-0.24894781061331264
1312,2312,-0.18163035447188802
1313,2313,0.2898067163891397
1314,2314,-0.24353894852089214
1315,2315,-0.3515795559126107
1316,2316,0.07552933115769261
1317,2317,0.3505647548255164
1318,2318,0.2482840287412374
1319,2319,0.1089623544813223
1320,2320,-0.017933659275736508
1321,2321,-0.059812895516487455
1322,2322,0.23411282739397904
1323,2323,0.19750377804593255
1324,2324,-0.28712159735920584
1325,2325,0.08811260730756271
1326,2326,0.2960688458520214
1327,2327,0.29064535517700013
1328,2328,0.19411339172087283
1329,2329,0.16733640098838817
1330,2330,-0.07914483188547204
1331,2331,0.20449601659614214
1332,2332,-0.11882521979747726
1333,2333,-0.1296856851834079
1334,2334,0.015624916390980709
1335,2335,-0.3652112280965606
1336,2336,-0.07600631428906882
1337,2337,0.21913036075629802
1338,2338,0.3194679546853545
1339,2339,-0.27276713208506576
1340,2340,0.1437078193494294
1341,2341,0.0010794517789659008
1342,2342,-0.02139708468490764
1343,2343,0.1113146182954031
1344,2344,0.08040158721238971
1345,2345,0.09970221341544216
1346,2346,-0.28481553431858203
1347,2347,-0.22432681903555893
1348,2348,0.3420619768217705
1349,2349,-0.28423661485934565
1350,2350,-0.3879591979073372
1351,2351,0.1704303723461477
1352,2352,0.05979764857738533
1353,2353,-0.07800208839579749
1354,2354,-0.009068927474828875
1355,2355,0.06814409910140017
1356,2356,-0.05002719826358755
1357,2357,-0.06723378856585283
1358,2358,0.12323474412302757
1359,2359,-0.14366647426703968
1360,2360,-0.47427788550958994
1361,2361,-0.006102476185991662
1362,2362,0.31044068328056384
1363,2363,0.30100658419834725
1364,2364,0.05930201141578165
1365,2365,-0.2256217421880542
1366,2366,-0.1069986957934359
1367,2367,0.12533781833106508
1368,2368,0.18890331543937547
1369,2369,-0.06308011681122119
1370,2370,0.21951216045964067
1371,2371,0.3073556874752865
1372,2372,-0.26240706297650873
1373,2373,-0.22337657191158733
1374,2374,-0.11931255126002968
1375,2375,0.0658064340436189
1376,2376,0.048566551083048595
1377,2377,-0.06976585528208068
1378,2378,0.4924484246064776
1379,2379,0.3226906395456883
1380,2380,0.000998527619233358
1381,2381,0.3730366604304043
1382,2382,0.03163708956473098
1383,2383,-0.34539453574901946
1384,2384,0.11196974912311868
1385,2385,-0.21753461218389286
1386,2386,-0.022444152251513333
1387,2387,-0.025814677823597677
1388,2388,-0.15546884357324522
1389,2389,-0.18874421798399127
1390,2390,-0.2007594428119197
1391,2391,-0.14631345146973748
1392,2392,-0.1598929321749757
1393,2393,0.018783858291626238
1394,2394,-0.019991066475334482
1395,2395,0.00029014154237139156
1396,2396,0.08500452237126299
1397,2397,-0.10271192484729907
1398,2398,0.14123265139447524
1399,2399,-0.25194523832757415
1400,2400,0.022428311873776238
1401,2401,0.052063095730649905
1402,2402,-0.236100078890698
1403,2403,0.10872535993215313
1404,2404,-0.10067284941573486
1405,2405,0.4788784805693068
1406,2406,-0.12593478035596478
1407,2407,-0.055970843435099366
1408,2408,0.2613638216602445
1409,2409,0.39951794970264337
1410,2410,0.04266400886684651
1411,2411,-0.05271920395014237
1412,2412,0.0816742767017454
1413,2413,0.10463348174052318
1414,2414,0.33976769098305426
1415,2415,-0.23687865471540118
1416,2416,-0.30699357948062894
1417,2417,-0.09509961853488705
1418,2418,-0.020382010390948252
1419,2419,0.3760458446253996
1420,2420,-0.19865260149176414
1421,2421,-0.15268580933521073
1422,2422,0.13750898393927005
1423,2423,0.36974361600785777
1424,2424,0.0418449823489391
1425,2425,-0.3292684228486146
1426,2426,-0.029487988584268092
1427,2427,-0.3238721910068499
1428,2428,0.09769172411850756
1429,2429,-0.4008507590489913
1430,2430,-0.05911507605529513
1431,2431,-0.38138030661562883
1432,2432,0.02704144569837383
1433,2433,0.15256649550186085
1434,2434,0.2974055970905393
1435,2435,0.10044580359423873
1436,2436,-0.059298582238249575
1437,2437,0.04084522653605716
1438,2438,0.21056148903682403
1439,2439,-0.10724110645768778
1440,2440,0.31624581939972063
1441,2441,-0.2674510575991321
1442,2442,-0.13274119022238537
1443,2443,0.39171971141162726
1444,2444,0.13755603565452096
1445,2445,0.3931487364107646
1446,2446,0.0021798224338908656
1447,2447,-0.12704021551260797
1448,2448,-0.4252947263983896
1449,2449,0.24617941505773439
1450,2450,-0.17446940874400887
1451,2451,0.16673641830194158
1452,2452,0.2333145055155947
1453,2453,0.029101946895027826
1454,2454,-0.2688425476185766
1455,2455,-0.09124662138597597
1456,2456,-0.29060287814630126
1457,2457,-0.47818245844418944
1458,2458,-0.24602420577018147
1459,2459,-0.20542581185262518
1460,2460,-0.3174059789501035
1461,2461,-0.04487302745479624
1462,2462,-0.24410908588243432
1463,2463,0.03838836229689377
1464,2464,0.12468360379001234
1465,2465,-0.04896521887603377
1466,2466,-0.1513685817598798
1467,2467,0.22501322686291972
1468,2468,-0.0028484463853513664
1469,2469,0.15048052062493023
1470,2470,-0.4111986008977456
1471,2471,0.023581382737056567
1472,2472,-0.16248791159603648
1473,2473,0.12983428898705945
1474,2474,0.5388589808798236
1475,2475,0.2624618899189273
1476,2476,-0.20155598982953857
1477,2477,-0.6499685221601256
1478,2478,0.04638243832284217
1479,2479,-0.08305221492331633
1480,2480,-0.1406272018659733
1481,2481,0.4602829516719676
1482,2482,0.32009155486977403
1483,2483,0.5420300447375925
1484,2484,0.18475331045368376
1485,2485,-0.6160047567240081
1486,2486,-0.4077080188152097
1487,2487,0.04498657904745745
1488,2488,-0.06957823593034568
1489,2489,-0.10114075961262871
1490,2490,-0.20646236605786566
1491,2491,-0.18154049671232525
1492,2492,0.19601481199834592
1493,2493,-0.44957209993386316
1494,2494,-0.33335622894975725
1495,2495,0.053627834524261064
1496,2496,0.3452139595532441
1497,2497,-0.5087384467860663
1498,2498,0.3215931469703943
1499,2499,-0.5178949052119797
